,,,BIASHARAFEB2026LOANSCHEDULE.csv.asc.AD2,,,,,,,,,
Line,Request Type,Destination Bank, Destination Branch,Beneficiary Account, Beneficiary Name,Transaction Status,Transaction Reference,Transaction Currency,Transaction Amount,Remitter Account,Payment Details,Failure Reason
10,InternalTransfer,25,3047,"2201034044	","BIASHARA 	",Success,FT26054XXMJJ,UGX,225000,"2202743359	","Jan Loan Deduction	",
11,InternalTransfer,25,3047,"2201034044	","BIASHARA 	",Success,FT26054PMLJG,UGX,208681,"2290765503	","Jan Loan Deduction	",
12,InternalTransfer,25,3047,"2201034044	","BIASHARA 	",Success,FT26054JMCF6,UGX,680000,"2291348930	","Jan Loan Deduction	",
13,InternalTransfer,25,3047,"2201034044	","BIASHARA 	",Success,FT26054WBFJP,UGX,211838,"2291348930	","Jan Loan Deduction	",
14,InternalTransfer,25,3047,"2201034044	","BIASHARA 	",Success,FT26054Z6JS7,UGX,167179,"2203304677	","Jan Loan Deduction	",
15,InternalTransfer,25,3047,"2201034044	","BIASHARA 	",Success,FT26054ZJC51,UGX,225279,"2315519608	","Jan Loan Deduction	",
16,InternalTransfer,25,3047,"2201034044	","BIASHARA 	",Success,FT2605462LVY,UGX,510000,"2315519608	","Jan Loan Deduction	",
17,InternalTransfer,25,3047,"2201034044	","BIASHARA 	",Success,FT260544RM9F,UGX,510000,"2202694773	","Jan Loan Deduction	",
18,InternalTransfer,25,3047,"2201034044	","BIASHARA 	",Success,FT26054Q513R,UGX,854106,"2202694773	","Jan Loan Deduction	",
19,InternalTransfer,25,3047,"2201034044	","BIASHARA 	",Success,FT2605453NS6,UGX,680000,"2303056195	","Jan Loan Deduction	",
2,InternalTransfer,25,3047,"2201034044	","BIASHARA 	",Success,FT26054JZ91X,UGX,153750,"2322787779	","Jan Loan Deduction	",
20,InternalTransfer,25,3047,"2201034044	","BIASHARA 	",Success,FT26054HTPW8,UGX,367642,"2200270356	","Jan Loan Deduction	",
21,InternalTransfer,25,3047,"2201034044	","BIASHARA 	",Success,FT26054KYGYP,UGX,476842,"2202940383	","Jan Loan Deduction	",
22,InternalTransfer,25,3047,"2201034044	","BIASHARA 	",Success,FT26054JVM13,UGX,387127,"2291915347	","Jan Loan Deduction	",
23,InternalTransfer,25,3047,"2201034044	","BIASHARA 	",Success,FT260545PV9T,UGX,680000,"2303491150	","Jan Loan Deduction	",
24,InternalTransfer,25,3047,"2201034044	","BIASHARA 	",Success,FT260540XGFQ,UGX,644143,"2303491150	","Jan Loan Deduction	",
25,InternalTransfer,25,3047,"2201034044	","BIASHARA 	",Success,FT2605450TNK,UGX,712917,"2311203428	","Jan Loan Deduction	",
26,InternalTransfer,25,3047,"2201034044	","BIASHARA 	",Success,FT26054VW7CV,UGX,470389,"2201877831	","Jan Loan Deduction	",
27,InternalTransfer,25,3047,"2201034044	","BIASHARA 	",Success,FT260546LXQ4,UGX,170000,"2201877831	","Jan Loan Deduction	",
28,InternalTransfer,25,3047,"2201034044	","BIASHARA 	",Success,FT26054F5JVJ,UGX,714367,"2311007033	","Jan Loan Deduction	",
29,InternalTransfer,25,3047,"2201034044	","BIASHARA 	",Success,FT260543GFS1,UGX,680000,"2311007033	","Jan Loan Deduction	",
3,InternalTransfer,25,3047,"2201034044	","BIASHARA 	",Success,FT26054S6Z73,UGX,478500,"2202553681	","Jan Loan Deduction	",
30,InternalTransfer,25,3047,"2201034044	","BIASHARA 	",Success,FT26054JS42L,UGX,680000,"2293720357	","Jan Loan Deduction	",
31,InternalTransfer,25,3047,"2201034044	","BIASHARA 	",Success,FT26054GFSQC,UGX,966667,"2293720357	","Jan Loan Deduction	",
32,InternalTransfer,25,3047,"2201034044	","BIASHARA 	",Success,FT26054KLD0N,UGX,349047,"2202598235	","Jan Loan Deduction	",
33,InternalTransfer,25,3047,"2201034044	","BIASHARA 	",Success,FT26054CBZTG,UGX,1000000,"2200268114	","Jan Loan Deduction	",
34,InternalTransfer,25,3047,"2201034044	","BIASHARA 	",Success,FT26054ZLWK8,UGX,680000,"2200268114	","Jan Loan Deduction	",
35,InternalTransfer,25,3047,"2201034044	","BIASHARA 	",Success,FT260544MCWK,UGX,290622,"2290789321	","Jan Loan Deduction	",
36,InternalTransfer,25,3047,"2201034044	","BIASHARA 	",Success,FT260540Q2GM,UGX,837778,"2291332457	","Jan Loan Deduction	",
37,InternalTransfer,25,3047,"2201034044	","BIASHARA 	",Success,FT260540VBXC,UGX,483334,"2315204615	","Jan Loan Deduction	",
38,InternalTransfer,25,3047,"2201034044	","BIASHARA 	",Success,FT26054Z47PS,UGX,450000,"2290564796	","Jan Loan Deduction	",
39,InternalTransfer,25,3047,"2201034044	","BIASHARA 	",Success,FT26054G4WLJ,UGX,308000,"2320826114	","Jan Loan Deduction	",
4,InternalTransfer,25,3047,"2201034044	","BIASHARA 	",Success,FT260549NRZW,UGX,308628,"2290719668	","Jan Loan Deduction	",
40,InternalTransfer,25,3047,"2201034044	","BIASHARA 	",Success,FT2605486YFX,UGX,680000,"2299457046	","Jan Loan Deduction	",
41,InternalTransfer,25,3047,"2201034044	","BIASHARA 	",Success,FT2605490W17,UGX,1085715,"2299457046	","Jan Loan Deduction	",
42,InternalTransfer,25,3047,"2201034044	","BIASHARA 	",Success,FT26054639YV,UGX,453930,"2318939551	","Jan Loan Deduction	",
43,InternalTransfer,25,3047,"2201034044	","BIASHARA 	",Success,FT260542H2ZZ,UGX,124313,"2303490561	","Jan Loan Deduction	",
44,InternalTransfer,25,3047,"2201034044	","BIASHARA 	",Success,FT2605461LSS,UGX,725000,"2314055535	","Jan Loan Deduction	",
45,InternalTransfer,25,3047,"2201034044	","BIASHARA 	",Success,FT26054W0CND,UGX,290000,"2303498864	","Jan Loan Deduction	",
46,InternalTransfer,25,3047,"2201034044	","BIASHARA 	",Success,FT26054R6ZKD,UGX,354445,"2202492941	","Jan Loan Deduction	",
47,InternalTransfer,25,3047,"2201034044	","BIASHARA 	",Success,FT2605405QW7,UGX,680000,"2201024235	","Jan Loan Deduction	",
48,InternalTransfer,25,3047,"2201034044	","BIASHARA 	",Success,FT26054CBQGP,UGX,314167,"2201024235	","Jan Loan Deduction	",
49,InternalTransfer,25,3047,"2201034044	","BIASHARA 	",Success,FT26054RKPT3,UGX,966667,"2293818756	","Jan Loan Deduction	",
5,InternalTransfer,25,3047,"2201034044	","BIASHARA 	",Success,FT26054RQY9K,UGX,86034,"2323990233	","Jan Loan Deduction	",
50,InternalTransfer,25,3047,"2201034044	","BIASHARA 	",Success,FT26054LPPG3,UGX,773173,"2291877712	","Jan Loan Deduction	",
51,InternalTransfer,25,3047,"2201034044	","BIASHARA 	",Success,FT260546SBL6,UGX,680000,"2291877712	","Jan Loan Deduction	",
52,InternalTransfer,25,3047,"2201034044	","BIASHARA 	",Success,FT26054N4HR7,UGX,360000,"2313962571	","Jan Loan Deduction	",
53,InternalTransfer,25,3047,"2201034044	","BIASHARA 	",Success,FT26054HCF50,UGX,965056,"2202833633	","Jan Loan Deduction	",
54,InternalTransfer,25,3047,"2201034044	","BIASHARA 	",Success,FT26054WZ8PM,UGX,72500,"2315596572	","Jan Loan Deduction	",
55,InternalTransfer,25,3047,"2201034044	","BIASHARA 	",Success,FT26054Y42HD,UGX,617398,"2311344889	","Jan Loan Deduction	",
56,InternalTransfer,25,3047,"2201034044	","BIASHARA 	",Success,FT26054YYG9X,UGX,516800,"2311344889	","Jan Loan Deduction	",
57,InternalTransfer,25,3047,"2201034044	","BIASHARA 	",Success,FT26054KLXKD,UGX,680000,"2200826303	","Jan Loan Deduction	",
58,InternalTransfer,25,3047,"2201034044	","BIASHARA 	",Success,FT26054YWTC5,UGX,966667,"2200826303	","Jan Loan Deduction	",
59,InternalTransfer,25,3047,"2201034044	","BIASHARA 	",Success,FT26054J6ZJZ,UGX,256667,"2297695926	","Jan Loan Deduction	",
6,InternalTransfer,25,3047,"2201034044	","BIASHARA 	",Success,FT26054J1XJ2,UGX,526667,"2318339740	","Jan Loan Deduction	",
60,InternalTransfer,25,3047,"2201034044	","BIASHARA 	",Success,FT260541C4LJ,UGX,143490,"2303491177	","Jan Loan Deduction	",
61,InternalTransfer,25,3047,"2201034044	","BIASHARA 	",Success,FT26054YYYW4,UGX,380682,"2290141135	","Jan Loan Deduction	",
62,InternalTransfer,25,3047,"2201034044	","BIASHARA 	",Success,FT26054PQKQF,UGX,900000,"2291963228	","Jan Loan Deduction	",
63,InternalTransfer,25,3047,"2201034044	","BIASHARA 	",Success,FT26054SS0X2,UGX,966667,"2319847707	","Jan Loan Deduction	",
64,InternalTransfer,25,3047,"2201034044	","BIASHARA 	",Success,FT26054RYJXN,UGX,680000,"2319847707	","Jan Loan Deduction	",
65,InternalTransfer,25,3047,"2201034044	","BIASHARA 	",Success,FT26054TLG0T,UGX,742055,"2301168174	","Jan Loan Deduction	",
66,InternalTransfer,25,3047,"2201034044	","BIASHARA 	",Success,FT26054343B1,UGX,680000,"2301168174	","Jan Loan Deduction	",
67,InternalTransfer,25,3047,"2201034044	","BIASHARA 	",Success,FT26054SN0KM,UGX,596766,"2291609009	","Jan Loan Deduction	",
68,InternalTransfer,25,3047,"2201034044	","BIASHARA 	",Success,FT26054NXY46,UGX,556815,"2290789356	","Jan Loan Deduction	",
69,InternalTransfer,25,3047,"2201034044	","BIASHARA 	",Success,FT2605457K41,UGX,680000,"2319199594	","Jan Loan Deduction	",
7,InternalTransfer,25,3047,"2201034044	","BIASHARA 	",Success,FT26054NZV61,UGX,408719,"2299876154	","Jan Loan Deduction	",
70,InternalTransfer,25,3047,"2201034044	","BIASHARA 	",Success,FT26054YJKRD,UGX,406000,"2319199594	","Jan Loan Deduction	",
71,InternalTransfer,25,3047,"2201034044	","BIASHARA 	",Success,FT260542NN8T,UGX,569079,"2300528045	","Jan Loan Deduction	",
72,InternalTransfer,25,3047,"2201034044	","BIASHARA 	",Success,FT26054KT2GB,UGX,680000,"2300528045	","Jan Loan Deduction	",
73,InternalTransfer,25,3047,"2201034044	","BIASHARA 	",Success,FT26054SKRTV,UGX,408000,"2322673226	","Jan Loan Deduction	",
74,InternalTransfer,25,3047,"2201034044	","BIASHARA 	",Success,FT26054SS0XQ,UGX,482254,"2322673226	","Jan Loan Deduction	",
75,InternalTransfer,25,3047,"2201034044	","BIASHARA 	",Success,FT26054F50FB,UGX,966667,"2291494511	","Jan Loan Deduction	",
76,InternalTransfer,25,3047,"2201034044	","BIASHARA 	",Success,FT2605464T0R,UGX,117778,"2303767660	","Jan Loan Deduction	",
8,InternalTransfer,25,3047,"2201034044	","BIASHARA 	",Success,FT2605462XXW,UGX,483334,"2201445397	","Jan Loan Deduction	",
9,InternalTransfer,25,3047,"2201034044	","BIASHARA 	",Success,FT26054NJ9VC,UGX,248889,"2314266617	","Jan Loan Deduction	",
